"repository_path"	"source_section"	"sha256"
"figures/base/01_build_main_figures_1_to_4.R"	"figures/base"	"3ef8c48a110ebb6bdb3b234ec4dc547e26d8feed44a9022c38acb11a56f4d73c"
"figures/base/02_build_figure5_external_evidence.R"	"figures/base"	"bcce879c42f96e940e89e89bd66a54cbaaeb7abea0d77e97bc955b44b2437c74"
"figures/base/03_build_community_composition_figure.R"	"figures/base"	"2df75f997910f6f818cef0b938b917d55e1e3d8935fbbc918656b2300e6b37db"
"figures/final/07_plot_funguild_trophic_modes.R"	"figures/final"	"47f10381b682468aa25a5c9aae259f4f21df12fa5c8944ba20edcc127b548770"
"figures/final/07b_plot_funguild_trophic_modes_matrix.R"	"figures/final"	"0aecd8aaae9265c1bb7940d148bcfd2e270e6c7db21ed61b1db1ec49c494c73b"
"figures/final/scripts/01_redesign_all_figures.R"	"figures/final"	"b5611aec48dad5acf65237c2d28b42a51c6b983e3c071506bfe7ef735f55324a"
"figures/final/scripts/02_academic_restyle_all_figures.R"	"figures/final"	"8a7a185330a97e74ad0ed295a13ecef05cf8d3125d725eb772cc0c7830def68f"
"figures/final/scripts/03_academic_restyle_fig1_flow_v2.R"	"figures/final"	"e60a52e1dd3ffb05e8e8ac605f828135db011de225d490d84b2cd47dbf868fc8"
"figures/final/scripts/04_final_academic_figures_no_panel_titles.R"	"figures/final"	"a9f3dd2667f46cf1c7eab9087ed138047d62d1b5c8118187b7865dbdd39b65d8"
"figures/final/scripts/08_academic_restyle_figure7.R"	"figures/final"	"2e70651f13550a115332266dbf316da6a89366366ddeb49466768e41f6aea1f9"
"figures/final/scripts/09_final_figure7_no_panel_titles.R"	"figures/final"	"a7bef820a7bdc0757d37f3fb30cd64fd4eda6ac2a665a15e02513c37c3822868"
"figures/final/update_manuscript_v7.py"	"figures/final"	"d7777a7ea079aa96f13530d42b8f7c7dfb8b5d072fb3299e86796f68972b3461"
"manuscript_tools/build_ase_manuscript.py"	"manuscript_tools"	"0fd60bb6c8362fa5cee4b77b852ff6169e9b1c78a9d98f95395a40de169f1379"
"manuscript_tools/make_render_contact_sheets.py"	"manuscript_tools"	"94a12640ba60f8ed76ef3a3e38307adc23d5b69d7bb4bce0f030ce2094541a40"
"manuscript_tools/make_v3_contact_sheets.py"	"manuscript_tools"	"9029c6d5db86d836d9c4d5a1cc664a460abb87f1acccc54d5f8e7662bf50b255"
"workflow/functional_and_statistical_extensions/00_local_sample_diagnostic.R"	"workflow/functional_and_statistical_extensions"	"c3cabd4e0ba0349428188763bbc79acd6f74434c6096d63bacefcca98e13885f"
"workflow/functional_and_statistical_extensions/01_stats_extension.R"	"workflow/functional_and_statistical_extensions"	"fc9cec3474b1be2c7dbcfe241556d04fe4968dba78dc4eda3c545f3f55e85133"
"workflow/functional_and_statistical_extensions/02_prepare_picrust_input.py"	"workflow/functional_and_statistical_extensions"	"8642d952117b08a5d7017df592bb3b2f3ddbebd9e0bf89afbc9f973230e183a2"
"workflow/functional_and_statistical_extensions/03_prepare_funguild_input.py"	"workflow/functional_and_statistical_extensions"	"73a075d40e7fe2d7407002e733d0c73ccc0b29888b8d44e782ee2ef07bbb854f"
"workflow/functional_and_statistical_extensions/04_funguild_offline.py"	"workflow/functional_and_statistical_extensions"	"0f044ed218bdf7aed9074fcbf791d06d0167390c8769ba4600c240029a667b79"
"workflow/functional_and_statistical_extensions/05_funguild_abundance_paired.py"	"workflow/functional_and_statistical_extensions"	"040a2aec86e26c969c1104ed66b703859ef45ae3e9691c2aa1f550e842fb926b"
"workflow/functional_and_statistical_extensions/06_picrust2_coda.R"	"workflow/functional_and_statistical_extensions"	"07073e8788e33babcad9b9f01740a20b6bb4b83cef120eba9628257f478a76d9"
"workflow/functional_and_statistical_extensions/07_picrust2_core_pathways_figure.R"	"workflow/functional_and_statistical_extensions"	"c7bf13e9aff6f042397986eed28449af65dede49382e817a7d4ed7a37c4472e4"
"workflow/functional_and_statistical_extensions/08_academic_restyle_figure8.R"	"workflow/functional_and_statistical_extensions"	"bf8654088dea4a24a44c425fec6fd78e179264492c6aedbd003b0ea1331e8961"
"workflow/functional_and_statistical_extensions/09_final_figure8_no_panel_titles.R"	"workflow/functional_and_statistical_extensions"	"b2bbde9df6260f520eddaf50c0fe09e2220e09ccca9a7cc3cef455734ddcfd6a"
"workflow/functional_and_statistical_extensions/slurm/01_stats_extension.slurm"	"workflow/functional_and_statistical_extensions/slurm"	"c24c4a5ac44101b1f7ca89b84b8ead79ca0900ee17ed764be5e41e44e7287496"
"workflow/functional_and_statistical_extensions/slurm/02_picrust2.slurm"	"workflow/functional_and_statistical_extensions/slurm"	"39789472c34f46c05e689eb779cd3fcee5280c56158c815cba377dc0f1067a92"
"workflow/functional_and_statistical_extensions/slurm/03_funguild.slurm"	"workflow/functional_and_statistical_extensions/slurm"	"7cc86f42ff8cfd2a1e90cdb074842a1ff4a14a7f15b9b1f77aa4648acb8abd8c"
"workflow/functional_and_statistical_extensions/slurm/04_funguild_abundance.slurm"	"workflow/functional_and_statistical_extensions/slurm"	"dea9233605419b05e384e3f8371c7e515fd0ea2f470446415442c903072811b4"
"workflow/functional_and_statistical_extensions/slurm/05_picrust2_coda.slurm"	"workflow/functional_and_statistical_extensions/slurm"	"3d8c9cf2a360d46c5d0a987ffd74b58541bf756e78b4237d5f27cd80f371af21"
"workflow/hpc_slurm/16s_silva1382_v1_2026-08-22.slurm"	"workflow/hpc_slurm"	"441bdd6cdfb1fe7c0fea0e1386397099fffe216ed42ce7da657959154a357c14"
"workflow/hpc_slurm/16s_silva1382_v2_2026-08-22.slurm"	"workflow/hpc_slurm"	"1f25ad66dd34d82f8c524847544c91487d77131c2698927ddaf9a8999e899db0"
"workflow/hpc_slurm/dada2_16s_A3_A4_quality_diagnostic_2026-08-20_v2.slurm"	"workflow/hpc_slurm"	"fba6ba14477579ffdfa57679a2e6a107add2b60519f517472ac27ddaf5dd33fd"
"workflow/hpc_slurm/dada2_16s_A3_A4_quality_diagnostic_2026-08-20.slurm"	"workflow/hpc_slurm"	"59b42866ba432b815fa14b2ab4beabafb1291e699e70200410c9a3b1aa2c65f7"
"workflow/hpc_slurm/dada2_16s_balanced_A_diagnostic_2026-08-20.slurm"	"workflow/hpc_slurm"	"62b3e1c3d704bcd26c648b10702741711ad8b21add4ea7eed4d83a7226159a9e"
"workflow/hpc_slurm/dada2_16s_balanced_A_resume_2026-08-20_v2.slurm"	"workflow/hpc_slurm"	"e4e8dc5d7831f7f3519fa3ae10541442574f1100b2da3931b00420bcb1afd0ee"
"workflow/hpc_slurm/dada2_16s_band32_diagnostic_2026-08-20.slurm"	"workflow/hpc_slurm"	"e0e7a03048d2ed9fe382ca0e993c69947b639d3a2fac36e039951dc36f8c8709"
"workflow/hpc_slurm/dada2_16s_formal_v1_2026-08-20.slurm"	"workflow/hpc_slurm"	"765ed8a406e4aa6dae9a55e0b8739e2d2b46a7535c8c60ebc0b1cf3c0ae815eb"
"workflow/hpc_slurm/dada2_its_formal_v1_2026-08-20.slurm"	"workflow/hpc_slurm"	"99592abdb5fb95715a3db06233aab274660a701ff34bfe5a206804704e78f4da"
"workflow/hpc_slurm/dada2_pacbio_benchmark_2026-08-19_v2.slurm"	"workflow/hpc_slurm"	"7541de821b3c02d9b4cebe3ea8bd0e2caaa9ed262cef2fa09729e0fd737592e9"
"workflow/hpc_slurm/dada2_pacbio_benchmark_2026-08-19_v3.slurm"	"workflow/hpc_slurm"	"8abb8f430ca4ec67eb97f7b0a5c309eccecd817d6c00dfeef241f2ce70246d11"
"workflow/hpc_slurm/dada2_pacbio_benchmark_2026-08-19.slurm"	"workflow/hpc_slurm"	"74a74e5566b1a76f222169ebf0016785df31153ce9d43525a0afbe735d6439ad"
"workflow/hpc_slurm/its_unite_annotation_v2_2026-08-21.slurm"	"workflow/hpc_slurm"	"a08225b5ac6e728ae3f4ab622f9b6ecc4b2e30ce2700ea63aaa1151743d376c2"
"workflow/hpc_slurm/its_unite_blast_v1_2026-08-21.slurm"	"workflow/hpc_slurm"	"70c6f06d1bfad783916e2ec69921c6fe9372906eed9228a1bdd8e2d9aa5045e2"
"workflow/hpc_slurm/its_unite_parse_v2_2026-08-21.slurm"	"workflow/hpc_slurm"	"1a815d87649992b01bf9562910db5b19d0352d9bbefe44b8b1a3513ec918d7b9"
"workflow/hpc_slurm/its_unite_parse_v3_2026-08-21.slurm"	"workflow/hpc_slurm"	"120533eda94855e65663c8dd1157c26d084300a4f70263e8a85071474c4e41fc"
"workflow/local_analysis/01_inventory_qc.py"	"workflow/local_analysis"	"6f7b3977bbf0a2f7c7f44b52b7481dfe69d2c86fc0bfe6bcfde8efbc8bc418b9"
"workflow/local_analysis/02_trim_orient_primers.py"	"workflow/local_analysis"	"ea5a736ab260750ce2273b81d8f4efc9bcfbaf2c9ccdb9c407a3e1c234837e03"
"workflow/local_analysis/03_posttrim_qc.py"	"workflow/local_analysis"	"dd1d1e2d6910623b7418bde8904773838b68098a6685a6e11f8434e638416b39"
"workflow/local_analysis/04_dada2_pacbio.R"	"workflow/local_analysis"	"446c0f85aed13a981a76a02c3cd3c1ee5cb6762748a93f70e589cf0899935785"
"workflow/local_analysis/05_dada2_pacbio_benchmark_v2.R"	"workflow/local_analysis"	"cf0627718b12560dac5759b1ca873c80531ca6691be057450a2ec45cfe807eda"
"workflow/local_analysis/05_dada2_pacbio_benchmark.R"	"workflow/local_analysis"	"1572dad15083e3ac76d49eed5ddc6b7a61decc67b8b9365e94dc9590ab1cb427"
"workflow/local_analysis/06_dada2_16s_band32_diagnostic.R"	"workflow/local_analysis"	"076ad96fb7341afa3a7ab00f97e999f82667e02d9f1bb5cadbbfb0ed996bcc84"
"workflow/local_analysis/07_dada2_16s_balanced_A_diagnostic.R"	"workflow/local_analysis"	"d0a920fae77cf11d54e1985328641a8bf5a0ff5f91659783e67ed94f94a374e3"
"workflow/local_analysis/08_dada2_16s_balanced_A_resume_v2.R"	"workflow/local_analysis"	"c78fbf0a5a1f01017401417ed2945abd432bc7946893d60e01a5b1e8818a8a6d"
"workflow/local_analysis/09_dada2_16s_A3_A4_quality_diagnostic.R"	"workflow/local_analysis"	"f2f9fc32dba7d9ffdabc470ed421ddd3fc528c69714f976c6516f9303f1edc5f"
"workflow/local_analysis/10_dada2_16s_formal_v1.R"	"workflow/local_analysis"	"94a4d0a31670e984dd63bbc54ade0d67e19f89d13479ded926a2c8db285265a2"
"workflow/local_analysis/11_dada2_its_formal_v1.R"	"workflow/local_analysis"	"29f1000558e4afbc8f9c323b041fef7e85a00722cbec409ecc3592b9486af611"
"workflow/local_analysis/12_normalize_its_sample_names_local.R"	"workflow/local_analysis"	"c80cb91fa47cc37f73faed3be9eefa0f7c8eb0305d00afdba9808b8ab2c2b858"
"workflow/local_analysis/13_its_qc_alpha_beta_v1.R"	"workflow/local_analysis"	"8b38eccd20e2f4cf95dcaf64f7684c409eb3e3a06d76f6e4e6bb508162897dd5"
"workflow/local_analysis/14_download_unite_v10_login_v2.sh"	"workflow/local_analysis"	"cdfe8e67b72cd57d09bcb94e5099b734a4ddc53db830b5fba165bb72a4e5835d"
"workflow/local_analysis/14_download_unite_v10_login_v3.sh"	"workflow/local_analysis"	"cc15720b790d65d7b5c49284847151dbfe444ea848a1ea76fea9af18d999bf4d"
"workflow/local_analysis/14_download_unite_v10_login.sh"	"workflow/local_analysis"	"08d8ba0014ea909d2a12b508bf92ef227347cd2f0fa345293cefb7616e027281"
"workflow/local_analysis/15_parse_unite_blast_v2.py"	"workflow/local_analysis"	"e2fd26d54195d81da215e6592619d3f5f2b09670a34328e4f5a18df510d99ff9"
"workflow/local_analysis/15_parse_unite_blast.py"	"workflow/local_analysis"	"5148f06a4573bc2e468112af8dabf88117138ecc75e29b475e6efa47220d6b6b"
"workflow/local_analysis/16_its_taxonomy_abundance_v1.R"	"workflow/local_analysis"	"a7f54c9cb122b9c4b75a7ffad16683789da83118240e48848bc0bd763d5d6530"
"workflow/local_analysis/17_its_design_aware_sensitivity_v1.R"	"workflow/local_analysis"	"4beaf17f30d1b1a36710ad0f3db1b31cb12622d9db6cd84e12711ee36eba723b"
"workflow/local_analysis/18_its_genus_screening_v1.R"	"workflow/local_analysis"	"7a2250ab8e6f7a5885d62eb9e6ad083c22ef3f75d30a00180a37fe306a8a673e"
"workflow/local_analysis/19_extract_soil_metrics_v1.py"	"workflow/local_analysis"	"48091b42cdbd412f0000ac84aab0594fb1b765aaa405c0c1a6db12b4b1bed528"
"workflow/local_analysis/20_its_soil_association_v1.R"	"workflow/local_analysis"	"bbac21026ff5a17d78cac6b5863f1bc83422cb924249052825d17843fdf2d1d0"
"workflow/local_analysis/21_confirm_soil_metric_names_v2.py"	"workflow/local_analysis"	"4888b0544dc57dfbe1d99be30d7e28776dbd0f084c76e61b75e72ae7e6d47397"
"workflow/local_analysis/22_freeze_its_stage1_v1.py"	"workflow/local_analysis"	"f18f36dedfe9d1b90527b065b1d6de822732fa59e91b492d8a3b50ad30b4ed53"
"workflow/local_analysis/23_normalize_16s_and_diagnose_v1.R"	"workflow/local_analysis"	"0432f782a164b7e7bcbad903205bd7aa005ad0a5a8e30226058034d494aeec4f"
"workflow/local_analysis/24_download_silva1382_login.sh"	"workflow/local_analysis"	"bc6426f9c52ee416b4fc02d283abf8276f4c39d416982ad830c48f001db1d6d7"
"workflow/local_analysis/25_16s_silva_taxonomy_v1.R"	"workflow/local_analysis"	"0cdf0d0025a80b08d6b6bc13331ccd6164cb08b3b5bd1c87b28819a4fab2c74a"
"workflow/local_analysis/25_16s_silva_taxonomy_v2.R"	"workflow/local_analysis"	"56cb4599b97c71f5db20b710363ea84029fef8ec74afee6aabb840a634d7640d"
"workflow/local_analysis/26_16s_diversity_joint_its_v1.R"	"workflow/local_analysis"	"ad01ea338bb1613541a4206a746965e4bb75555c0707191708d70d76400a6759"
"workflow/local_analysis/27_validate_16s_joint_v1.R"	"workflow/local_analysis"	"3e34690bad16206a15047c480557eeae73f91d4fe08f1b547ac3c72140bae5d2"
"workflow/local_analysis/28_16s_compositional_soil_joint_v1.R"	"workflow/local_analysis"	"5723138a4c3bc6b91115815a02abce97b7d0c65b5d6b2111189b1f67d19978f0"
"workflow/local_analysis/32_make_supplementary_figure_s1.R"	"workflow/local_analysis"	"f6f3e22e8d20b1ac46d14a74e950e8c96e9d62a6039311947b74dc380bfab62a"
"workflow/local_analysis/33_stageA_reviewer_enhancement_v1.R"	"workflow/local_analysis"	"53431f5f1f6239b6b48afbdb82edf0b9f73306db0b77ce0af8c9b1a6ca3ece1a"
"workflow/local_analysis/prepare_error_training_subsets.py"	"workflow/local_analysis"	"7d1d159b962eb3ebc6b9e3bf189f286ff56ddfd19f12f8e08a2c4ff63ae5591b"
"workflow/public_database_validation/01_download_representative_runs.sh"	"workflow/public_database_validation"	"e37571035b36d7c4fdc68620aaa6fe4045d54715d6515438ce34f799dbd7a3fb"
"workflow/public_database_validation/02_inspect_representative_fastq.py"	"workflow/public_database_validation"	"a30ff88ab11dfd8777cffac66a6fcb5a3094c3210d1cd4c85706dd5306e9dc8f"
"workflow/public_database_validation/03_run_representative_qc.sh"	"workflow/public_database_validation"	"c2755f00c4773644bb922fc80b9f3162700f2d44d6af3598df2909e5d255bd7d"
"workflow/public_database_validation/04_download_first_batch.sh"	"workflow/public_database_validation"	"fb237d7a0ab6ea89356dfb1dc9876c36e70bd188c4242ffd199bb9b68483d546"
"workflow/public_database_validation/05_full_fastq_qc.py"	"workflow/public_database_validation"	"3b0408ba07d445cce5e73aaae55896e44bdf8deabcb1ce59a0e39ace28e3c6de"
"workflow/public_database_validation/06_dada2_single_end_public_v1.R"	"workflow/public_database_validation"	"378a7b3fc5ffada095324376705f6b155be2dca80739efe846aa0f5d0a4b9254"
"workflow/public_database_validation/final_evidence/15_final_cross_project_evidence_v3.R"	"workflow/public_database_validation/final_evidence"	"2eeb8d8f70ace2a4203ac0f4209265af47666b354cb88e91d6a6d9d891223b56"
"workflow/public_database_validation/final_evidence/slurm/10_final_cross_project_evidence_v3.slurm"	"workflow/public_database_validation/final_evidence/slurm"	"3944e03800e459879b1c2e59cfbf251800f810e80b61e7e60ee1e6bb200f2904"
"workflow/public_database_validation/slurm/01_first_batch_full_qc.slurm"	"workflow/public_database_validation/slurm"	"db18321215a0311621e882c6d2a0ef8616bff423f6e924f77f079c59adf688e1"
"workflow/public_database_validation/slurm/02_dada2_PRJNA935967_ITS_v1.slurm"	"workflow/public_database_validation/slurm"	"2277be4e21c7b82cc24a2d5333f324aaf119caed1a123d8cf801093081a5be4b"
"workflow/public_database_validation/slurm/02_dada2_PRJNA935967_ITS_v2.slurm"	"workflow/public_database_validation/slurm"	"2aff0c98adaefc2af5ad7776507cf7da24b7835f3114f0f7ca5596b035e234c5"
"workflow/public_database_validation/slurm/03_dada2_PRJNA993383_16S_v1.slurm"	"workflow/public_database_validation/slurm"	"717913dc9386cf9f9e15c22503976b67013629b0faeb3c1afd7e3d720dd5d4f3"
"workflow/public_database_validation/slurm/03_dada2_PRJNA993383_16S_v2.slurm"	"workflow/public_database_validation/slurm"	"486c9faf8db8d3c2d5b41004cb45b5ab1610bcf4f322a814c280b749387ac46c"
